leg,arch,subset_size,n_reactions,n_density_species,E_kcalmol,D_rmse,gamma,gammaD_kcalmol,ED_kcalmol,E_pbe_kcalmol,D_pbe_rmse,ED_pbe_kcalmol,beats_pbe,E_scan_kcalmol,D_scan_rmse,ED_scan_kcalmol,beats_scan,ED_pbe_cell_kcalmol,ED_scan_cell_kcalmol,n_reactions_slice
bh76_wtmad2,deep_3x16,1,38,64,14.885923921183005,0.00020623997589390035,84576.96199609483,17.443150603253923,16.063399070054125,16.480862020402363,0.0001948623080261896,16.480862020402363,True,12.127432028710041,0.00014033012408337542,11.996668896826554,False,16.527616470268814,12.01204014044749,38
bh76_wtmad2,deep_3x16,2,38,64,10.921216171335015,0.00023696585080344108,84576.96199609483,20.041851757774914,14.13822403010195,16.480862020402363,0.0001948623080261896,16.480862020402363,True,12.127432028710041,0.00014033012408337542,11.996668896826554,False,16.554164485286794,12.071575344009998,38
bh76_wtmad2,deep_3x16,3,38,61,11.277126569427292,0.00023701934853595844,84576.96199609483,20.04637643346491,14.434242828951465,16.480862020402363,0.0001948623080261896,16.480862020402363,True,12.127432028710041,0.00014033012408337542,11.996668896826554,False,16.683917978952987,12.21349129563695,38
bh76_wtmad2,deep_3x16,4,38,61,10.634054633114186,0.00021519587786244653,84576.96199609483,18.200613583688405,13.42455670028199,16.480862020402363,0.0001948623080261896,16.480862020402363,True,12.127432028710041,0.00014033012408337542,11.996668896826554,False,16.683917978951193,12.21349129563695,38
bh76_wtmad2,deep_3x16,5,38,61,10.54008806739815,0.00023634068884570092,84576.96199609483,19.98897745863372,13.802294905593236,16.480862020402363,0.0001948623080261896,16.480862020402363,True,12.127432028710041,0.00014033012408337542,11.996668896826554,False,16.683917978950596,12.21349129563695,38
bh76_wtmad2,deep_3x16,6,38,61,10.34826917973668,0.00023160810213468069,84576.96199609483,19.588709652232538,13.542397948889784,16.480862020402363,0.0001948623080261896,16.480862020402363,True,12.127432028710041,0.00014033012408337542,11.996668896826554,False,16.683917978951193,12.21349129563695,38
bh76_wtmad2,deep_3x16,7,38,63,10.304734438599285,0.00022106071169893937,84576.96199609483,18.69664341219087,13.286537367090268,16.480862020402363,0.0001948623080261896,16.480862020402363,True,12.127432028710041,0.00014033012408337542,11.996668896826554,False,16.602491400124173,12.136571200344088,38
bh76_wtmad2,deep_3x16,12,38,58,10.357695954253908,0.00022525931793596893,84576.96199609483,19.051748772336687,13.419649572796956,16.480862020402363,0.0001948623080261896,16.480862020402363,True,12.127432028710041,0.00014033012408337542,11.996668896826554,False,16.601744723653294,12.002917984627349,38
bh76_wtmad2,deep_3x16,15,38,57,10.837660926962755,0.00022375530084346452,84576.96199609483,18.924543575862465,13.782432444025403,16.480862020402363,0.0001948623080261896,16.480862020402363,True,12.127432028710041,0.00014033012408337542,11.996668896826554,False,16.65552406788681,12.073815765956732,38
bh76_wtmad2,deep_3x16,18,38,57,11.001861851080346,0.0002077623551800546,84576.96199609483,17.571908818282633,13.531550701903633,16.480862020402363,0.0001948623080261896,16.480862020402363,True,12.127432028710041,0.00014033012408337542,11.996668896826554,False,16.65552406788085,12.073815765956732,38
bh76_wtmad2,deep_3x16,26,38,49,10.537959263226943,0.00021688110052545446,84576.96199609483,18.343144596812586,13.385867206283981,16.480862020402363,0.0001948623080261896,16.480862020402363,True,12.127432028710041,0.00014033012408337542,11.996668896826554,False,17.017151475833266,12.32961409070639,38
bh76_wtmad2,deep_attn_3x16,1,38,64,17.848562008128198,0.00032011598160357815,84576.96199609483,27.07443721042842,21.514136624515057,16.480862020402363,0.0001948623080261896,16.480862020402363,False,12.127432028710041,0.00014033012408337542,11.996668896826554,False,16.52761647026764,12.01204014044749,38
bh76_wtmad2,deep_attn_3x16,2,38,64,13.443966520728255,0.00025459811641834125,84576.96199609483,21.533135216591376,16.553158184017867,16.480862020402363,0.0001948623080261896,16.480862020402363,True,12.127432028710041,0.00014033012408337542,11.996668896826554,False,16.554164485277376,12.071575344009998,38
bh76_wtmad2,deep_attn_3x16,3,38,61,18.919924229780307,0.0002656751779162944,84576.96199609483,22.469999425932162,20.542714217989076,16.480862020402363,0.0001948623080261896,16.480862020402363,False,12.127432028710041,0.00014033012408337542,11.996668896826554,False,16.6839179789488,12.21349129563695,38
bh76_wtmad2,deep_attn_3x16,4,38,61,10.968940535292196,0.00023949443835000715,84576.96199609483,20.255712010604633,14.231300106077425,16.480862020402363,0.0001948623080261896,16.480862020402363,True,12.127432028710041,0.00014033012408337542,11.996668896826554,False,16.683917978955378,12.21349129563695,38
bh76_wtmad2,deep_attn_3x16,5,38,61,11.735655561773505,0.000243855136457552,84576.96199609483,20.624526608722896,14.959269334724613,16.480862020402363,0.0001948623080261896,16.480862020402363,True,12.127432028710041,0.00014033012408337542,11.996668896826554,False,16.683917978948205,12.21349129563695,38
bh76_wtmad2,deep_attn_3x16,6,38,61,10.475069960895441,0.00026607191288152617,84576.96199609483,22.503554064009094,14.2957027565052,16.480862020402363,0.0001948623080261896,16.480862020402363,True,12.127432028710041,0.00014033012408337542,11.996668896826554,False,16.683917978944617,12.21349129563695,38
bh76_wtmad2,deep_attn_3x16,7,38,63,13.989284211791118,0.0003615994736787219,84576.96199609483,30.582984943133155,19.19732051008454,16.480862020402363,0.0001948623080261896,16.480862020402363,False,12.127432028710041,0.00014033012408337542,11.996668896826554,False,16.602491400125356,12.136571200344088,38
bh76_wtmad2,deep_attn_3x16,12,38,58,13.129425341734494,0.0002907444545137895,84576.96199609483,24.5902826799881,17.118705181552265,16.480862020402363,0.0001948623080261896,16.480862020402363,False,12.127432028710041,0.00014033012408337542,11.996668896826554,False,16.601744723651517,12.002917984627349,38
bh76_wtmad2,deep_attn_3x16,15,38,55,13.216718810444409,0.000313080148252647,84576.96199609483,26.47936780049586,17.63248664421432,16.480862020402363,0.0001948623080261896,16.480862020402363,False,12.127432028710041,0.00014033012408337542,11.996668896826554,False,16.7522833877458,12.180694435872692,38
bh76_wtmad2,deep_attn_3x16,18,38,55,11.032987578846404,0.00019837933204469962,84576.96199609483,16.77832122715524,13.31221130112015,16.480862020402363,0.0001948623080261896,16.480862020402363,True,12.127432028710041,0.00014033012408337542,11.996668896826554,False,16.752283387748815,12.180694435872692,38
bh76_wtmad2,deep_attn_3x16,26,38,47,11.732260804759862,0.00021415163600343329,84576.96199609483,18.112294779663912,14.2403304030845,16.480862020402363,0.0001948623080261896,16.480862020402363,True,12.127432028710041,0.00014033012408337542,11.996668896826554,False,17.13389163044229,12.452457134116683,38
bh76_wtmad2,deep_cusp_3x16,1,38,64,15.025540440549474,0.0001802940470564172,84576.96199609483,15.248722766012731,15.136308951544553,16.480862020402363,0.0001948623080261896,16.480862020402363,True,12.127432028710041,0.00014033012408337542,11.996668896826554,False,16.52761647026412,12.01204014044749,38
bh76_wtmad2,deep_cusp_3x16,2,38,64,14.238006516933172,0.0001754851490708748,84576.96199609483,14.842000783846414,14.533731143806646,16.480862020402363,0.0001948623080261896,16.480862020402363,True,12.127432028710041,0.00014033012408337542,11.996668896826554,False,16.554164485284435,12.071575344009998,38
bh76_wtmad2,deep_cusp_3x16,3,38,61,21.27483153869562,0.000180200266710124,84576.96199609483,15.24079110922831,17.7592624664565,16.480862020402363,0.0001948623080261896,16.480862020402363,False,12.127432028710041,0.00014033012408337542,11.996668896826554,False,16.683917978948205,12.21349129563695,38
bh76_wtmad2,deep_cusp_3x16,4,38,61,15.49375959055634,0.00017862443397051765,84576.96199609483,15.107511963498421,15.298198178492557,16.480862020402363,0.0001948623080261896,16.480862020402363,True,12.127432028710041,0.00014033012408337542,11.996668896826554,False,16.683917978943423,12.21349129563695,38
bh76_wtmad2,deep_cusp_3x16,5,38,61,15.591596971206393,0.00018855524407793573,84576.96199609483,15.947429712543956,15.76750603611591,16.480862020402363,0.0001948623080261896,16.480862020402363,True,12.127432028710041,0.00014033012408337542,11.996668896826554,False,16.683917978930562,12.21349129563695,38
bh76_wtmad2,deep_cusp_3x16,6,38,61,15.133078139344764,0.00019182288923567456,84576.96199609483,16.223797212866756,15.659467863521087,16.480862020402363,0.0001948623080261896,16.480862020402363,True,12.127432028710041,0.00014033012408337542,11.996668896826554,False,16.683917978947008,12.21349129563695,38
bh76_wtmad2,deep_cusp_3x16,7,38,61,14.565685404040677,0.0001874174689049781,84576.96199609483,15.851200144980618,15.18127779493852,16.480862020402363,0.0001948623080261896,16.480862020402363,True,12.127432028710041,0.00014033012408337542,11.996668896826554,False,16.68875489371619,12.234773824979449,38
bh76_wtmad2,deep_cusp_3x16,12,38,58,14.278074775043034,0.00017556022847384141,84576.96199609483,14.848350771657811,14.557629961415715,16.480862020402363,0.0001948623080261896,16.480862020402363,True,12.127432028710041,0.00014033012408337542,11.996668896826554,False,16.601744723656253,12.002917984627349,38
bh76_wtmad2,deep_cusp_3x16,15,38,55,15.148030305530481,0.0001818588432533053,84576.96199609483,15.38106847448857,15.263659963358208,16.480862020402363,0.0001948623080261896,16.480862020402363,True,12.127432028710041,0.00014033012408337542,11.996668896826554,False,16.752283387757856,12.180694435872692,38
bh76_wtmad2,deep_cusp_3x16,18,38,55,15.038390548084088,0.00017193071874946784,84576.96199609483,14.54137786563501,14.785708690623919,16.480862020402363,0.0001948623080261896,16.480862020402363,True,12.127432028710041,0.00014033012408337542,11.996668896826554,False,16.752283387735552,12.180694435872692,38
bh76_wtmad2,deep_cusp_3x16,26,38,47,14.96412078014229,0.00018897410301269184,84576.96199609483,15.982855528750548,15.456720434109815,16.480862020402363,0.0001948623080261896,16.480862020402363,True,12.127432028710041,0.00014033012408337542,11.996668896826554,False,17.13389163043661,12.452457134116683,38
bh76_wtmad2,deep_rung35_3x16,1,38,64,13.365363887382884,0.0001857399171480933,84576.96199609483,15.70931791379209,14.442858001075617,16.480862020402363,0.0001948623080261896,16.480862020402363,True,12.127432028710041,0.00014033012408337542,11.996668896826554,False,16.527616470272335,12.01204014044749,38
bh76_wtmad2,deep_rung35_3x16,2,38,64,13.984680942614409,0.0001736124645064319,84576.96199609483,14.683614812608853,14.325627863746899,16.480862020402363,0.0001948623080261896,16.480862020402363,True,12.127432028710041,0.00014033012408337542,11.996668896826554,False,16.554164485289146,12.071575344009998,38
bh76_wtmad2,deep_rung35_3x16,3,38,61,13.710686065908268,0.0001811525304290925,84576.96199609483,15.32133068159777,14.471330525489645,16.480862020402363,0.0001948623080261896,16.480862020402363,True,12.127432028710041,0.00014033012408337542,11.996668896826554,False,16.683917978961958,12.21349129563695,38
bh76_wtmad2,deep_rung35_3x16,4,38,61,11.65002301074913,0.00018510779711981352,84576.96199609483,15.6558551221833,13.359106895479488,16.480862020402363,0.0001948623080261896,16.480862020402363,True,12.127432028710041,0.00014033012408337542,11.996668896826554,False,16.683917978944617,12.21349129563695,38
bh76_wtmad2,deep_rung35_3x16,5,38,61,13.209678462929618,0.0001729056714239993,84576.96199609483,14.623836400936849,13.880832348748267,16.480862020402363,0.0001948623080261896,16.480862020402363,True,12.127432028710041,0.00014033012408337542,11.996668896826554,False,16.683917978943423,12.21349129563695,38
bh76_wtmad2,deep_rung35_3x16,6,38,61,17.031214034601653,0.0001841404933053685,84576.96199609483,15.574043504230305,16.27006736498521,16.480862020402363,0.0001948623080261896,16.480862020402363,True,12.127432028710041,0.00014033012408337542,11.996668896826554,False,16.683917978944617,12.21349129563695,38
bh76_wtmad2,deep_rung35_3x16,7,38,61,14.599477145608548,0.00018429092454343,84576.96199609483,15.586766521334859,15.076976394473448,16.480862020402363,0.0001948623080261896,16.480862020402363,True,12.127432028710041,0.00014033012408337542,11.996668896826554,False,16.688754893720972,12.234773824979449,38
bh76_wtmad2,deep_rung35_3x16,12,38,58,12.347891126143544,0.00017157552000148876,84576.96199609483,14.511336234626125,13.342483572832792,16.480862020402363,0.0001948623080261896,16.480862020402363,True,12.127432028710041,0.00014033012408337542,11.996668896826554,False,16.601744723642636,12.002917984627349,38
bh76_wtmad2,deep_rung35_3x16,15,38,55,12.60316742266859,0.00017354375287258745,84576.96199609483,14.677803391364503,13.561600486975637,16.480862020402363,0.0001948623080261896,16.480862020402363,True,12.127432028710041,0.00014033012408337542,11.996668896826554,False,16.75228338774158,12.180694435872692,38
bh76_wtmad2,deep_rung35_3x16,18,38,55,13.028024440328444,0.00016806826849059193,84576.96199609483,14.214703556878257,13.595518434866124,16.480862020402363,0.0001948623080261896,16.480862020402363,True,12.127432028710041,0.00014033012408337542,11.996668896826554,False,16.752283387742185,12.180694435872692,38
bh76_wtmad2,deep_rung35_3x16,26,37,47,13.203048416350802,0.00017781596623324845,84576.96199609483,15.039134218408336,14.06140734896758,16.480862020402363,0.0001948623080261896,16.480862020402363,True,12.127432028710041,0.00014033012408337542,11.996668896826554,False,17.13389163044859,12.452457134116683,38
bh76_wtmad2,deep_rung35_attn_3x16,1,38,64,41.80862915305315,0.00025349367507827283,84576.96199609483,21.439724923345494,28.34431098020003,16.480862020402363,0.0001948623080261896,16.480862020402363,False,12.127432028710041,0.00014033012408337542,11.996668896826554,False,16.527616470354488,12.01204014044749,38
bh76_wtmad2,deep_rung35_attn_3x16,2,38,64,17.08309741093671,0.00019345630692435315,84576.96199609483,16.361946718645875,16.714747245912648,16.480862020402363,0.0001948623080261896,16.480862020402363,False,12.127432028710041,0.00014033012408337542,11.996668896826554,False,16.554164485363376,12.071575344009998,38
bh76_wtmad2,deep_rung35_attn_3x16,7,37,61,121.36873857031854,0.00025650641171465666,84576.96199609483,21.69453303534517,36.80942115778804,16.480862020402363,0.0001948623080261896,16.480862020402363,False,12.127432028710041,0.00014033012408337542,11.996668896826554,False,16.68875489372959,12.234773824979449,38
bh76_wtmad2,deep_rung35ms_3x16,1,35,64,139.49131009983827,0.00045974485914119324,84576.96199609483,38.883823479484676,60.815152538424314,16.480862020402363,0.0001948623080261896,16.480862020402363,False,12.127432028710041,0.00014033012408337542,11.996668896826554,False,16.52761647028011,12.01204014044749,38
bh76_wtmad2,deep_rung35ms_3x16,2,38,64,42.87976422832819,0.0002390417611269375,84576.96199609483,20.21742594631257,27.47882926266942,16.480862020402363,0.0001948623080261896,16.480862020402363,False,12.127432028710041,0.00014033012408337542,11.996668896826554,False,16.554164485311812,12.071575344009998,38
bh76_wtmad2,deep_rung35ms_3x16,3,37,61,19.10566289383026,0.0001773956426591998,84576.96199609483,15.00358452745996,16.80795970900343,16.480862020402363,0.0001948623080261896,16.480862020402363,False,12.127432028710041,0.00014033012408337542,11.996668896826554,False,16.68391797894611,12.21349129563695,38
bh76_wtmad2,deep_rung35ms_3x16,4,36,61,21.30194443907841,0.00017198464194298618,84576.96199609483,14.545938525523919,17.28731231302702,16.480862020402363,0.0001948623080261896,16.480862020402363,False,12.127432028710041,0.00014033012408337542,11.996668896826554,False,16.683917979061512,12.21349129563695,38
bh76_wtmad2,deep_rung35ms_3x16,5,30,61,22.46026465447483,0.00017650183633226255,84576.96199609483,14.92798910371472,17.93539694028142,16.480862020402363,0.0001948623080261896,16.480862020402363,False,12.127432028710041,0.00014033012408337542,11.996668896826554,False,16.68391797893595,12.21349129563695,38
bh76_wtmad2,deep_rung35ms_3x16,6,38,61,139.7609797139128,0.0005041473664585671,84576.96199609483,42.63925265339752,65.34315935636842,16.480862020402363,0.0001948623080261896,16.480862020402363,False,12.127432028710041,0.00014033012408337542,11.996668896826554,False,16.68391797895238,12.21349129563695,38
bh76_wtmad2,deep_rung35ms_3x16,7,33,61,397.07770110784384,0.0007833705617304132,84576.96199609483,66.25510222833262,113.56167096333611,16.480862020402363,0.0001948623080261896,16.480862020402363,False,12.127432028710041,0.00014033012408337542,11.996668896826554,False,16.68875489371065,12.234773824979449,38
bh76_wtmad2,deep_mgga_3x16,1,38,64,25.44592550997613,0.00020474378245780546,84576.96199609483,17.31660710787052,20.608559296064687,16.480862020402363,0.0001948623080261896,16.480862020402363,False,12.127432028710041,0.00014033012408337542,11.996668896826554,False,16.52761647044635,12.01204014044749,38
bh76_wtmad2,deep_mgga_3x16,2,38,64,12.278766611154863,0.0001432729987338938,84576.96199609483,12.117594968983079,12.19764840948929,16.480862020402363,0.0001948623080261896,16.480862020402363,True,12.127432028710041,0.00014033012408337542,11.996668896826554,False,16.554164485444296,12.071575344009998,38
bh76_wtmad2,deep_mgga_3x16,3,38,61,11.35496182179363,0.0001559027440569887,84576.96199609483,13.185780459194834,12.20207864867233,16.480862020402363,0.0001948623080261896,16.480862020402363,True,12.127432028710041,0.00014033012408337542,11.996668896826554,True,16.68391797912612,12.21349129563695,38
bh76_wtmad2,deep_mgga_3x16,4,38,61,11.607132373485074,0.00014711964500230024,84576.96199609483,12.44293262423851,12.010509418378941,16.480862020402363,0.0001948623080261896,16.480862020402363,True,12.127432028710041,0.00014033012408337542,11.996668896826554,True,16.683917979122537,12.21349129563695,38
bh76_wtmad2,deep_mgga_3x16,5,38,61,11.95061869191005,0.00014733274992353586,84576.96199609483,12.460956391063036,12.20045309325263,16.480862020402363,0.0001948623080261896,16.480862020402363,True,12.127432028710041,0.00014033012408337542,11.996668896826554,True,16.6839179791327,12.21349129563695,38
bh76_wtmad2,deep_mgga_3x16,6,38,61,21.133503004125657,0.00021215069380430644,84576.96199609483,17.943061167331976,19.40803881422085,16.480862020402363,0.0001948623080261896,16.480862020402363,False,12.127432028710041,0.00014033012408337542,11.996668896826554,False,16.68391797911895,12.21349129563695,38
bh76_wtmad2,deep_mgga_3x16,7,38,61,19.105147854530767,0.0001828065027278319,84576.96199609483,15.461218633850844,17.091114746482376,16.480862020402363,0.0001948623080261896,16.480862020402363,False,12.127432028710041,0.00014033012408337542,11.996668896826554,False,16.688754893886436,12.234773824979449,38
w411_wtmad2,deep_3x16,1,94,101,1.2863715747564666,0.0002909306604539819,10732.970743886877,3.1225502671522745,1.8221052894300949,2.584801788473875,0.00024082817797170343,2.584801788473875,True,0.7359703465512928,0.0002063804555565444,1.1048488896780546,False,2.6002080251318915,1.102257124371831,94
w411_wtmad2,deep_3x16,2,95,100,4.425303368637803,0.0003119260076222809,10732.970743886877,3.347892714067376,3.8119303174053827,2.584801788473875,0.00024082817797170343,2.584801788473875,False,0.7359703465512928,0.0002063804555565444,1.1048488896780546,False,2.59236486261778,1.1085802183063176,95
w411_wtmad2,deep_3x16,3,95,97,2.233690635536851,0.0002947916601763128,10732.970743886877,3.1639902642142075,2.6186710757321685,2.584801788473875,0.00024082817797170343,2.584801788473875,False,0.7359703465512928,0.0002063804555565444,1.1048488896780546,False,2.6076729743588127,1.1131149024858156,95
w411_wtmad2,deep_3x16,4,94,96,2.7809265767731453,0.0002788878292108182,10732.970743886877,2.993294911745832,2.8832054290764164,2.584801788473875,0.00024082817797170343,2.584801788473875,False,0.7359703465512928,0.0002063804555565444,1.1048488896780546,False,2.622224432418186,1.1073090947888533,94
w411_wtmad2,deep_3x16,5,95,97,2.1309665115593517,0.0003052244912652779,10732.970743886877,3.2759655350679835,2.5822306579965195,2.584801788473875,0.00024082817797170343,2.584801788473875,True,0.7359703465512928,0.0002063804555565444,1.1048488896780546,False,2.6076729743585214,1.1131149024858156,95
w411_wtmad2,deep_3x16,6,94,96,2.5137283708295466,0.0003036822294747543,10732.970743886877,3.259412484390879,2.83841251745677,2.584801788473875,0.00024082817797170343,2.584801788473875,False,0.7359703465512928,0.0002063804555565444,1.1048488896780546,False,2.620069880148834,1.1116272238167053,94
w411_wtmad2,deep_3x16,7,94,99,1.5717474956083106,0.0002890861008750837,10732.970743886877,3.102752663156604,2.0865305646270125,2.584801788473875,0.00024082817797170343,2.584801788473875,True,0.7359703465512928,0.0002063804555565444,1.1048488896780546,False,2.6044611969968656,1.1070719041292574,94
w411_wtmad2,deep_3x16,12,90,90,1.9167761451614236,0.000304628700349165,10732.970743886877,3.26957092859587,2.4167436045909056,2.584801788473875,0.00024082817797170343,2.584801788473875,True,0.7359703465512928,0.0002063804555565444,1.1048488896780546,False,2.6217610762962438,1.1026573219172957,90
w411_wtmad2,deep_3x16,15,89,89,1.652515328226435,0.00030191646926934387,10732.970743886877,3.2404606317654894,2.188815521797751,2.584801788473875,0.00024082817797170343,2.584801788473875,True,0.7359703465512928,0.0002063804555565444,1.1048488896780546,False,2.6109571564185803,1.1003841498645555,89
w411_wtmad2,deep_3x16,18,87,89,1.6639712618190285,0.00027456964144800464,10732.970743886877,2.9469479288209435,2.1269670800518012,2.584801788473875,0.00024082817797170343,2.584801788473875,True,0.7359703465512928,0.0002063804555565444,1.1048488896780546,False,2.5708149920815817,1.088144059875413,87
w411_wtmad2,deep_3x16,26,81,83,2.014963510755963,0.00029318639180826787,10732.970743886877,3.146760965783894,2.456779145010136,2.584801788473875,0.00024082817797170343,2.584801788473875,True,0.7359703465512928,0.0002063804555565444,1.1048488896780546,False,2.6165344006784754,1.0846112456403012,81
w411_wtmad2,deep_attn_3x16,1,94,101,2.976368357869881,0.0004307391731172506,10732.970743886877,4.623110943313476,3.6213220883324335,2.584801788473875,0.00024082817797170343,2.584801788473875,False,0.7359703465512928,0.0002063804555565444,1.1048488896780546,False,2.600208025132612,1.102257124371831,94
w411_wtmad2,deep_attn_3x16,2,95,100,7.390127038493991,0.0003429374064238059,10732.970743886877,3.680737150131152,4.914000329391009,2.584801788473875,0.00024082817797170343,2.584801788473875,False,0.7359703465512928,0.0002063804555565444,1.1048488896780546,False,2.5923648626186444,1.1085802183063176,95
w411_wtmad2,deep_attn_3x16,3,95,97,4.300471152380929,0.0003764146169215389,10732.970743886877,4.040047070990264,4.166193374980045,2.584801788473875,0.00024082817797170343,2.584801788473875,False,0.7359703465512928,0.0002063804555565444,1.1048488896780546,False,2.6076729743593954,1.1131149024858156,95
w411_wtmad2,deep_attn_3x16,4,94,96,3.470765137601734,0.0003150994098458503,10732.970743886877,3.381952747291532,3.425783430598261,2.584801788473875,0.00024082817797170343,2.584801788473875,False,0.7359703465512928,0.0002063804555565444,1.1048488896780546,False,2.622224432417744,1.1073090947888533,94
w411_wtmad2,deep_attn_3x16,5,95,97,2.034750277483988,0.0003269661665302672,10732.970743886877,3.509318299610203,2.575937250637,2.584801788473875,0.00024082817797170343,2.584801788473875,True,0.7359703465512928,0.0002063804555565444,1.1048488896780546,False,2.6076729743588127,1.1131149024858156,95
w411_wtmad2,deep_attn_3x16,6,94,96,2.353719219693682,0.00036112010276366106,10732.970743886877,3.875891497991797,2.928838004715664,2.584801788473875,0.00024082817797170343,2.584801788473875,False,0.7359703465512928,0.0002063804555565444,1.1048488896780546,False,2.6200698801508873,1.1116272238167053,94
w411_wtmad2,deep_attn_3x16,7,94,99,1.1102453590228338,0.0004977103846752614,10732.970743886877,5.341910997648265,1.8384030285688715,2.584801788473875,0.00024082817797170343,2.584801788473875,True,0.7359703465512928,0.0002063804555565444,1.1048488896780546,False,2.604461196998605,1.1070719041292574,94
w411_wtmad2,deep_attn_3x16,12,90,90,0.9554679348357201,0.0003865596136840427,10732.970743886877,4.148933024439043,1.5532370988331303,2.584801788473875,0.00024082817797170343,2.584801788473875,True,0.7359703465512928,0.0002063804555565444,1.1048488896780546,False,2.6217610762951518,1.1026573219172957,90
w411_wtmad2,deep_attn_3x16,15,89,87,0.9791940426428989,0.00043448121614817067,10732.970743886877,4.663274181686706,1.6185293798302565,2.584801788473875,0.00024082817797170343,2.584801788473875,True,0.7359703465512928,0.0002063804555565444,1.1048488896780546,False,2.6244369791627076,1.1045410258415231,89
w411_wtmad2,deep_attn_3x16,18,87,87,1.4417023436284226,0.0002761193718764933,10732.970743886877,2.963581140170824,1.9397625106443555,2.584801788473875,0.00024082817797170343,2.584801788473875,True,0.7359703465512928,0.0002063804555565444,1.1048488896780546,False,2.5838824727799667,1.0922088016162692,87
w411_wtmad2,deep_attn_3x16,26,81,81,1.3573696353635023,0.00029721867606006825,10732.970743886877,3.1900393546895036,1.904408671021975,2.584801788473875,0.00024082817797170343,2.584801788473875,True,0.7359703465512928,0.0002063804555565444,1.1048488896780546,False,2.6306801479612334,1.0887607483093635,81
w411_wtmad2,deep_cusp_3x16,1,94,101,3.67172596025,0.00023784486958546746,10732.970743886877,2.552782026844412,3.0116809419340442,2.584801788473875,0.00024082817797170343,2.584801788473875,False,0.7359703465512928,0.0002063804555565444,1.1048488896780546,False,2.6002080251327198,1.102257124371831,94
w411_wtmad2,deep_cusp_3x16,2,95,100,3.980620771914432,0.0002376247877307035,10732.970743886877,2.55041989473597,3.10892396120897,2.584801788473875,0.00024082817797170343,2.584801788473875,False,0.7359703465512928,0.0002063804555565444,1.1048488896780546,False,2.5923648626168805,1.1085802183063176,95
w411_wtmad2,deep_cusp_3x16,3,95,97,3.4244619101367606,0.0002452003941057374,10732.970743886877,2.6317286563264117,2.9762123376075897,2.584801788473875,0.00024082817797170343,2.584801788473875,False,0.7359703465512928,0.0002063804555565444,1.1048488896780546,False,2.6076729743577567,1.1131149024858156,95
w411_wtmad2,deep_cusp_3x16,4,94,96,5.71425324514622,0.00024825441391695046,10732.970743886877,2.6645073616114123,3.6343489335461396,2.584801788473875,0.00024082817797170343,2.584801788473875,False,0.7359703465512928,0.0002063804555565444,1.1048488896780546,False,2.6222244324191784,1.1073090947888533,94
w411_wtmad2,deep_cusp_3x16,5,95,97,3.363504300298421,0.00025468836324563196,10732.970743886877,2.733562751523802,3.0159911287634564,2.584801788473875,0.00024082817797170343,2.584801788473875,False,0.7359703465512928,0.0002063804555565444,1.1048488896780546,False,2.607672974358831,1.1131149024858156,95
w411_wtmad2,deep_cusp_3x16,6,94,96,4.554439161605777,0.0002630203610452613,10732.970743886877,2.822989840145353,3.4855328266043406,2.584801788473875,0.00024082817797170343,2.584801788473875,False,0.7359703465512928,0.0002063804555565444,1.1048488896780546,False,2.6200698801489435,1.1116272238167053,94
w411_wtmad2,deep_cusp_3x16,7,94,98,2.474696250545055,0.00024555319406084636,10732.970743886877,2.635515247923041,2.5525752522159295,2.584801788473875,0.00024082817797170343,2.584801788473875,True,0.7359703465512928,0.0002063804555565444,1.1048488896780546,False,2.61036129660712,1.1089310621471915,94
w411_wtmad2,deep_cusp_3x16,12,90,89,2.8087194631744485,0.0002449908977053629,10732.970743886877,2.629480137590243,2.7161459978195124,2.584801788473875,0.00024082817797170343,2.584801788473875,False,0.7359703465512928,0.0002063804555565444,1.1048488896780546,False,2.628425317722074,1.104762677497289,90
w411_wtmad2,deep_cusp_3x16,15,89,87,2.57388163546852,0.00024897418145317346,10732.970743886877,2.6722326055200933,2.6221352083069482,2.584801788473875,0.00024082817797170343,2.584801788473875,True,0.7359703465512928,0.0002063804555565444,1.1048488896780546,False,2.6244369791639506,1.1045410258415231,89
w411_wtmad2,deep_cusp_3x16,18,87,87,2.833276107267765,0.0002355001876709049,10732.970743886877,2.5276166244516913,2.6717325448497875,2.584801788473875,0.00024082817797170343,2.584801788473875,False,0.7359703465512928,0.0002063804555565444,1.1048488896780546,False,2.5838824727824483,1.0922088016162692,87
w411_wtmad2,deep_cusp_3x16,26,81,81,2.73656248864628,0.0002504474748582171,10732.970743886877,2.688045420533588,2.7120869890564188,2.584801788473875,0.00024082817797170343,2.584801788473875,False,0.7359703465512928,0.0002063804555565444,1.1048488896780546,False,2.630680147962952,1.0887607483093635,81
w411_wtmad2,deep_rung35_3x16,1,94,101,4.963581104217316,0.0002478116809069539,10732.970743886877,2.6597555211677664,3.463552220098671,2.584801788473875,0.00024082817797170343,2.584801788473875,False,0.7359703465512928,0.0002063804555565444,1.1048488896780546,False,2.6002080251338353,1.102257124371831,94
w411_wtmad2,deep_rung35_3x16,2,95,100,3.845657016580619,0.00023491056274719483,10732.970743886877,2.5212881973956445,3.045733651312869,2.584801788473875,0.00024082817797170343,2.584801788473875,False,0.7359703465512928,0.0002063804555565444,1.1048488896780546,False,2.5923648626177265,1.1085802183063176,95
w411_wtmad2,deep_rung35_3x16,3,95,97,2.6749171258187165,0.00022908810253410885,10732.970743886877,2.4587959022711474,2.5623073326812555,2.584801788473875,0.00024082817797170343,2.584801788473875,True,0.7359703465512928,0.0002063804555565444,1.1048488896780546,False,2.6076729743588856,1.1131149024858156,95
w411_wtmad2,deep_rung35_3x16,4,94,96,4.804096800041239,0.00024312061059868263,10732.970743886877,2.6094064007915745,3.381893984652677,2.584801788473875,0.00024082817797170343,2.584801788473875,False,0.7359703465512928,0.0002063804555565444,1.1048488896780546,False,2.6222244324191415,1.1073090947888533,94
w411_wtmad2,deep_rung35_3x16,5,95,97,3.4271608865496184,0.00022267361047121202,10732.970743886877,2.3899493466231814,2.8160858547507175,2.584801788473875,0.00024082817797170343,2.584801788473875,False,0.7359703465512928,0.0002063804555565444,1.1048488896780546,False,2.6076729743588674,1.1131149024858156,95
w411_wtmad2,deep_rung35_3x16,6,94,96,5.582356253888468,0.00024439714879006446,10732.970743886877,2.6231074478531298,3.56911462859469,2.584801788473875,0.00024082817797170343,2.584801788473875,False,0.7359703465512928,0.0002063804555565444,1.1048488896780546,False,2.6200698801511995,1.1116272238167053,94
w411_wtmad2,deep_rung35_3x16,7,94,98,3.6861321638540514,0.0002533888959414451,10732.970743886877,2.7196156069653266,3.12995856871587,2.584801788473875,0.00024082817797170343,2.584801788473875,False,0.7359703465512928,0.0002063804555565444,1.1048488896780546,False,2.6103612966089575,1.1089310621471915,94
w411_wtmad2,deep_rung35_3x16,12,90,89,2.756957119223299,0.00023197158362474936,10732.970743886877,2.4897442204575433,2.6165461341289276,2.584801788473875,0.00024082817797170343,2.584801788473875,True,0.7359703465512928,0.0002063804555565444,1.1048488896780546,False,2.6284253177247,1.104762677497289,90
w411_wtmad2,deep_rung35_3x16,15,89,87,2.580969713701907,0.00023502282440666385,10732.970743886877,2.5224930985023857,2.551396387052236,2.584801788473875,0.00024082817797170343,2.584801788473875,True,0.7359703465512928,0.0002063804555565444,1.1048488896780546,False,2.6244369791645528,1.1045410258415231,89
w411_wtmad2,deep_rung35_3x16,18,87,87,2.7424467928590035,0.00022844116665226378,10732.970743886877,2.4518523583781335,2.5890209404656295,2.584801788473875,0.00024082817797170343,2.584801788473875,False,0.7359703465512928,0.0002063804555565444,1.1048488896780546,False,2.583882472779241,1.0922088016162692,87
w411_wtmad2,deep_rung35_3x16,26,81,81,2.5505267151968622,0.00023148906598525982,10732.970743886877,2.4845653727494925,2.517113986463457,2.584801788473875,0.00024082817797170343,2.584801788473875,True,0.7359703465512928,0.0002063804555565444,1.1048488896780546,False,2.6306801479632385,1.0887607483093635,81
w411_wtmad2,deep_rung35_attn_3x16,1,94,101,7.095925014234765,0.0002874081787038416,10732.970743886877,3.0847435735821436,4.300131940740301,2.584801788473875,0.00024082817797170343,2.584801788473875,False,0.7359703465512928,0.0002063804555565444,1.1048488896780546,False,2.6002080251334303,1.102257124371831,94
w411_wtmad2,deep_rung35_attn_3x16,2,95,100,3.594530758927144,0.00028104683960760785,10732.970743886877,3.0164675071703226,3.280226314210972,2.584801788473875,0.00024082817797170343,2.584801788473875,False,0.7359703465512928,0.0002063804555565444,1.1048488896780546,False,2.592364862618873,1.1085802183063176,95
w411_wtmad2,deep_rung35_attn_3x16,7,88,98,51.46134847495816,0.0003242213301707663,10732.970743886877,3.4798580512669224,6.518902628545535,2.584801788473875,0.00024082817797170343,2.584801788473875,False,0.7359703465512928,0.0002063804555565444,1.1048488896780546,False,2.6103612966097725,1.1089310621471915,94
w411_wtmad2,deep_rung35ms_3x16,1,90,101,54.996077371968006,0.00048818406355685906,10732.970743886877,5.2396652717875805,9.567775677463692,2.584801788473875,0.00024082817797170343,2.584801788473875,False,0.7359703465512928,0.0002063804555565444,1.1048488896780546,False,2.6002080251344117,1.102257124371831,94
w411_wtmad2,deep_rung35ms_3x16,2,91,100,15.5664459004275,0.0002861538264657028,10732.970743886877,3.071280647707671,5.130338609067637,2.584801788473875,0.00024082817797170343,2.584801788473875,False,0.7359703465512928,0.0002063804555565444,1.1048488896780546,False,2.592364862616341,1.1085802183063176,95
w411_wtmad2,deep_rung35ms_3x16,3,93,97,5.196971801866782,0.00024761436261776985,10732.970743886877,2.6576377097427204,3.516831286570364,2.584801788473875,0.00024082817797170343,2.584801788473875,False,0.7359703465512928,0.0002063804555565444,1.1048488896780546,False,2.607672974358394,1.1131149024858156,95
w411_wtmad2,deep_rung35ms_3x16,4,88,96,5.6437943332603,0.0002416950406341829,10732.970743886877,2.5941058000692347,3.5544494051522557,2.584801788473875,0.00024082817797170343,2.584801788473875,False,0.7359703465512928,0.0002063804555565444,1.1048488896780546,False,2.6222244324169215,1.1073090947888533,94
w411_wtmad2,deep_rung35ms_3x16,5,94,97,6.201747542181593,0.00024221102173588077,10732.970743886877,2.599643810138157,3.6635877135090924,2.584801788473875,0.00024082817797170343,2.584801788473875,False,0.7359703465512928,0.0002063804555565444,1.1048488896780546,False,2.6076729743589584,1.1131149024858156,95
w411_wtmad2,deep_rung35ms_3x16,6,92,96,59.80259324918276,0.0005624689483461427,10732.970743886877,6.036962766943969,10.96684275099247,2.584801788473875,0.00024082817797170343,2.584801788473875,False,0.7359703465512928,0.0002063804555565444,1.1048488896780546,False,2.62006988015189,1.1116272238167053,94
w411_wtmad2,deep_rung35ms_3x16,7,90,98,29.976286329672476,0.0006094145403950225,10732.970743886877,6.540828432959044,10.738512459932032,2.584801788473875,0.00024082817797170343,2.584801788473875,False,0.7359703465512928,0.0002063804555565444,1.1048488896780546,False,2.610361296608699,1.1089310621471915,94
w411_wtmad2,deep_mgga_3x16,1,94,101,5.130490375150676,0.0002809996545355294,10732.970743886877,3.0159610711721565,3.7987973903563317,2.584801788473875,0.00024082817797170343,2.584801788473875,False,0.7359703465512928,0.0002063804555565444,1.1048488896780546,False,2.6002080251281234,1.102257124371831,94
w411_wtmad2,deep_mgga_3x16,2,95,100,1.8474723761659322,0.00023047370652649483,10732.970743886877,2.473667549384039,2.115197630275044,2.584801788473875,0.00024082817797170343,2.584801788473875,True,0.7359703465512928,0.0002063804555565444,1.1048488896780546,False,2.5923648626121234,1.1085802183063176,95
w411_wtmad2,deep_mgga_3x16,3,95,97,3.7048667788017555,0.00023793860351952324,10732.970743886877,2.553788070416342,3.0234754304649902,2.584801788473875,0.00024082817797170343,2.584801788473875,False,0.7359703465512928,0.0002063804555565444,1.1048488896780546,False,2.6076729743531253,1.1131149024858156,95
w411_wtmad2,deep_mgga_3x16,4,94,96,2.540085502768221,0.000235660981331198,10732.970743886877,2.5293424181034196,2.534702577113095,2.584801788473875,0.00024082817797170343,2.584801788473875,True,0.7359703465512928,0.0002063804555565444,1.1048488896780546,False,2.622224432413397,1.1073090947888533,94
w411_wtmad2,deep_mgga_3x16,5,95,97,1.4991580973682872,0.00023556835305889694,10732.970743886877,2.5283482415667557,1.8822533946967948,2.584801788473875,0.00024082817797170343,2.584801788473875,True,0.7359703465512928,0.0002063804555565444,1.1048488896780546,False,2.6076729743527975,1.1131149024858156,95
w411_wtmad2,deep_mgga_3x16,6,94,96,3.4028125492345396,0.0003297288033100434,10732.970743886877,3.538969599343526,3.469555772928547,2.584801788473875,0.00024082817797170343,2.584801788473875,False,0.7359703465512928,0.0002063804555565444,1.1048488896780546,False,2.6200698801455036,1.1116272238167053,94
w411_wtmad2,deep_mgga_3x16,7,94,98,3.3014641811768266,0.00027537975446050304,10732.970743886877,2.9556428480833308,3.1189969900362597,2.584801788473875,0.00024082817797170343,2.584801788473875,False,0.7359703465512928,0.0002063804555565444,1.1048488896780546,False,2.6103612966032497,1.1089310621471915,94
combined_wtmad2,deep_3x16,1,132,196,5.201394219939864,0.00027572543592335356,28060.734230065707,7.7370581779142364,6.220757853947992,6.555104711882015,0.0002336041765029277,6.555104711882015,True,3.9906736843109356,0.00018668056176086547,4.530191165473266,False,6.584298136767455,4.548255749750894,132
combined_wtmad2,deep_3x16,2,133,195,6.281278455122722,0.0003045721634452915,28060.734230065707,8.546518532314458,7.240868318984504,6.555104711882015,0.0002336041765029277,6.555104711882015,False,3.9906736843109356,0.00018668056176086547,4.530191165473266,False,6.563312845966496,4.541535063598733,133
combined_wtmad2,deep_3x16,3,133,192,4.817529473791263,0.0002801864171964504,28060.734230065707,7.862236587823906,5.974330489648945,6.555104711882015,0.0002336041765029277,6.555104711882015,True,3.9906736843109356,0.00018668056176086547,4.530191165473266,False,6.581895598702818,4.557019349728483,133
combined_wtmad2,deep_3x16,4,132,191,5.041675562689505,0.0002713211841760636,28060.734230065707,7.61347164015123,6.066251668216666,6.555104711882015,0.0002336041765029277,6.555104711882015,True,3.9906736843109356,0.00018668056176086547,4.530191165473266,False,6.612055771025581,4.576831895382754,132
combined_wtmad2,deep_3x16,5,133,192,4.533572670370437,0.0002926977612483308,28060.734230065707,8.213314088124635,5.842313811766609,6.555104711882015,0.0002336041765029277,6.555104711882015,True,3.9906736843109356,0.00018668056176086547,4.530191165473266,False,6.581895598701941,4.557019349728483,133
combined_wtmad2,deep_3x16,6,132,191,4.769126482484631,0.0002903063586337184,28060.734230065707,8.146209574918913,6.016150666609288,6.555104711882015,0.0002336041765029277,6.555104711882015,True,3.9906736843109356,0.00018668056176086547,4.530191165473266,False,6.61023376449037,4.576678022820511,132
combined_wtmad2,deep_3x16,7,132,192,4.085789191317834,0.0002753074281461846,28060.734230065707,7.725328572772997,5.344805565816726,6.555104711882015,0.0002336041765029277,6.555104711882015,True,3.9906736843109356,0.00018668056176086547,4.530191165473266,False,6.597728008193711,4.57024198020893,132
combined_wtmad2,deep_3x16,12,128,184,4.422674213485755,0.00028135474461368467,28060.734230065707,7.895020712972617,5.669421873275669,6.555104711882015,0.0002336041765029277,6.555104711882015,True,3.9906736843109356,0.00018668056176086547,4.530191165473266,False,6.676932746340065,4.645968270924766,128
combined_wtmad2,deep_3x16,15,127,182,4.400826609738091,0.0002790627234452327,28060.734230065707,7.8307049161150015,5.63487483067943,6.555104711882015,0.0002336041765029277,6.555104711882015,True,3.9906736843109356,0.00018668056176086547,4.530191165473266,False,6.695318635486607,4.671502688555656,127
combined_wtmad2,deep_3x16,18,125,182,4.50269000095447,0.00025640729057769054,28060.734230065707,7.194976835551805,5.539010591998368,6.555104711882015,0.0002336041765029277,6.555104711882015,True,3.9906736843109356,0.00018668056176086547,4.530191165473266,False,6.702627378824292,4.7015960188590205,125
combined_wtmad2,deep_3x16,26,119,173,4.736592406502998,0.00026864318650120955,28060.734230065707,7.538325059128416,5.817712963495225,6.555104711882015,0.0002336041765029277,6.555104711882015,True,3.9906736843109356,0.00018668056176086547,4.530191165473266,False,6.859050679720529,4.833427215299984,119
combined_wtmad2,deep_attn_3x16,1,132,196,7.257757439004852,0.0004079134211148488,28060.734230065707,11.446350098780647,8.883057629031889,6.555104711882015,0.0002336041765029277,6.555104711882015,False,3.9906736843109356,0.00018668056176086547,4.530191165473266,False,6.584298136767633,4.548255749750894,132
combined_wtmad2,deep_attn_3x16,2,133,195,9.119795461989495,0.00032630499772903575,28060.734230065707,9.156357819216666,9.138040068192424,6.555104711882015,0.0002336041765029277,6.555104711882015,False,3.9906736843109356,0.00018668056176086547,4.530191165473266,False,6.563312845964437,4.541535063598733,133
combined_wtmad2,deep_attn_3x16,3,133,192,8.47745774592361,0.00035079401348731107,28060.734230065707,9.84353758196552,9.109567731235083,6.555104711882015,0.0002336041765029277,6.555104711882015,False,3.9906736843109356,0.00018668056176086547,4.530191165473266,False,6.5818955987020535,4.557019349728483,133
combined_wtmad2,deep_attn_3x16,4,132,191,5.6293307823914125,0.0003014416314572936,28060.734230065707,8.45867350620053,6.759888792085611,6.555104711882015,0.0002336041765029277,6.555104711882015,False,3.9906736843109356,0.00018668056176086547,4.530191165473266,False,6.612055771026454,4.576831895382754,132
combined_wtmad2,deep_attn_3x16,5,133,192,4.806437501566708,0.00031359843958923844,28060.734230065707,8.799802468276935,6.217103429551167,6.555104711882015,0.0002336041765029277,6.555104711882015,True,3.9906736843109356,0.00018668056176086547,4.530191165473266,False,6.5818955987014744,4.557019349728483,133
combined_wtmad2,deep_attn_3x16,6,132,191,4.69168382700934,0.0003526956984403539,28060.734230065707,9.89690025802217,6.3656797133218,6.555104711882015,0.0002336041765029277,6.555104711882015,True,3.9906736843109356,0.00018668056176086547,4.530191165473266,False,6.61023376448995,4.576678022820511,132
combined_wtmad2,deep_attn_3x16,7,132,192,4.817847453001583,0.00046483894380552497,28060.734230065707,13.043722061911284,7.036633937591167,6.555104711882015,0.0002336041765029277,6.555104711882015,False,3.9906736843109356,0.00018668056176086547,4.530191165473266,False,6.597728008195277,4.57024198020893,132
combined_wtmad2,deep_attn_3x16,12,128,184,4.569611540008793,0.0003610311186710353,28060.734230065707,10.130798269811235,6.298302330633774,6.555104711882015,0.0002336041765029277,6.555104711882015,True,3.9906736843109356,0.00018668056176086547,4.530191165473266,False,6.676932746338817,4.645968270924766,128
combined_wtmad2,deep_attn_3x16,15,127,179,4.640815626709492,0.00039435691165023767,28060.734230065707,11.065944489606823,6.53922358670508,6.555104711882015,0.0002336041765029277,6.555104711882015,True,3.9906736843109356,0.00018668056176086547,4.530191165473266,False,6.7189422508863546,4.692523376834803,127
combined_wtmad2,deep_attn_3x16,18,125,179,4.357453055134688,0.0002516517965858981,28060.734230065707,7.061534182515443,5.389322723137056,6.555104711882015,0.0002336041765029277,6.555104711882015,True,3.9906736843109356,0.00018668056176086547,4.530191165473266,False,6.726302689584824,4.7228890228141305,125
combined_wtmad2,deep_attn_3x16,26,119,170,4.670360092817803,0.000267153961765794,28060.734230065707,7.496536319619081,5.755210346941026,6.555104711882015,0.0002336041765029277,6.555104711882015,True,3.9906736843109356,0.00018668056176086547,4.530191165473266,False,6.884728592241491,4.856521165837666,119
combined_wtmad2,deep_cusp_3x16,1,132,196,6.940248310639243,0.00022522959859714068,28060.734230065707,6.320107906978745,6.615677211776482,6.555104711882015,0.0002336041765029277,6.555104711882015,False,3.9906736843109356,0.00018668056176086547,4.530191165473266,False,6.584298136766705,4.548255749750894,132
combined_wtmad2,deep_cusp_3x16,2,133,195,6.911302413348359,0.00022809479193136201,28060.734230065707,6.4005073356480855,6.646104869227621,6.555104711882015,0.0002336041765029277,6.555104711882015,False,3.9906736843109356,0.00018668056176086547,4.530191165473266,False,6.563312845965186,4.541535063598733,133
combined_wtmad2,deep_cusp_3x16,3,133,192,8.524567518296434,0.0002333593970365957,28060.734230065707,6.548236020332295,7.406834427053347,6.555104711882015,0.0002336041765029277,6.555104711882015,False,3.9906736843109356,0.00018668056176086547,4.530191165473266,False,6.5818955987007275,4.557019349728483,133
combined_wtmad2,deep_cusp_3x16,4,132,191,8.529565677915802,0.00023680317386763955,28060.734230065707,6.644870926735875,7.470176912333266,6.555104711882015,0.0002336041765029277,6.555104711882015,False,3.9906736843109356,0.00018668056176086547,4.530191165473266,False,6.612055771024082,4.576831895382754,132
combined_wtmad2,deep_cusp_3x16,5,133,192,6.857245063414984,0.00024540192721035105,28060.734230065707,6.886158258995591,6.871671247600336,6.555104711882015,0.0002336041765029277,6.555104711882015,False,3.9906736843109356,0.00018668056176086547,4.530191165473266,False,6.58189559869653,4.557019349728483,133
combined_wtmad2,deep_cusp_3x16,6,132,191,7.599804927924577,0.00025182558894650686,28060.734230065707,7.066410923757702,7.323408451670079,6.555104711882015,0.0002336041765029277,6.555104711882015,False,3.9906736843109356,0.00018668056176086547,4.530191165473266,False,6.610233764489264,4.576678022820511,132
combined_wtmad2,deep_cusp_3x16,7,132,190,5.955435552308947,0.00023715182303550513,28060.734230065707,6.654654278374884,6.285659374340788,6.555104711882015,0.0002336041765029277,6.555104711882015,True,3.9906736843109356,0.00018668056176086547,4.530191165473266,False,6.612128198584128,4.582643952271886,132
combined_wtmad2,deep_cusp_3x16,12,128,183,6.2136843213854345,0.00022641151851823829,28060.734230065707,6.3532734477658845,6.28270363234033,6.555104711882015,0.0002336041765029277,6.555104711882015,True,3.9906736843109356,0.00018668056176086547,4.530191165473266,False,6.684566068945463,4.653134538084395,128
combined_wtmad2,deep_cusp_3x16,15,127,179,6.336225332022494,0.00022958664087150104,28060.734230065707,6.442369712268732,6.388856682232508,6.555104711882015,0.0002336041765029277,6.555104711882015,True,3.9906736843109356,0.00018668056176086547,4.530191165473266,False,6.718942250890674,4.692523376834803,127
combined_wtmad2,deep_cusp_3x16,18,125,179,6.543630897275928,0.0002177223155605474,28060.734230065707,6.10944803289902,6.319090101941996,6.555104711882015,0.0002336041765029277,6.555104711882015,True,3.9906736843109356,0.00018668056176086547,4.530191165473266,False,6.726302689582491,4.7228890228141305,125
combined_wtmad2,deep_cusp_3x16,26,119,170,6.641160934670216,0.00022961736522678658,28060.734230065707,6.443231860236789,6.540699349821254,6.555104711882015,0.0002336041765029277,6.555104711882015,True,3.9906736843109356,0.00018668056176086547,4.530191165473266,False,6.884728592240886,4.856521165837666,119
combined_wtmad2,deep_rung35_3x16,1,132,196,7.3822761478558885,0.0002319708491213636,28060.734230065707,6.509272346317255,6.918342617062727,6.555104711882015,0.0002336041765029277,6.555104711882015,False,3.9906736843109356,0.00018668056176086547,4.530191165473266,False,6.58429813676984,4.548255749750894,132
combined_wtmad2,deep_rung35_3x16,2,133,195,6.742520995447417,0.0002203141939129011,28060.734230065707,6.182178042501078,6.450202844456152,6.555104711882015,0.0002336041765029277,6.555104711882015,True,3.9906736843109356,0.00018668056176086547,4.530191165473266,False,6.563312845967125,4.541535063598733,133
combined_wtmad2,deep_rung35_3x16,3,133,192,5.8279939658443025,0.0002220593931312731,28060.734230065707,6.231149613946333,6.022832734359527,6.555104711882015,0.0002336041765029277,6.555104711882015,True,3.9906736843109356,0.00018668056176086547,4.530191165473266,False,6.581895598705392,4.557019349728483,133
combined_wtmad2,deep_rung35_3x16,4,132,191,6.77489373948745,0.00023278409930257234,28060.734230065707,6.532092743514706,6.651278152317639,6.555104711882015,0.0002336041765029277,6.555104711882015,False,3.9906736843109356,0.00018668056176086547,4.530191165473266,False,6.6120557710243935,4.576831895382754,132
combined_wtmad2,deep_rung35_3x16,5,133,192,6.222165908372476,0.0002176457117969981,28060.734230065707,6.10729847504904,6.16419711059012,6.555104711882015,0.0002336041765029277,6.555104711882015,True,3.9906736843109356,0.00018668056176086547,4.530191165473266,False,6.581895598700169,4.557019349728483,133
combined_wtmad2,deep_rung35_3x16,6,132,191,8.87823955439681,0.00023511058288806474,28060.734230065707,6.597375581097819,7.56972570414626,6.555104711882015,0.0002336041765029277,6.555104711882015,False,3.9906736843109356,0.00018668056176086547,4.530191165473266,False,6.610233764490168,4.576678022820511,132
combined_wtmad2,deep_rung35_3x16,7,132,190,6.827852688904589,0.0002335956018045519,28060.734230065707,6.554864099549788,6.68857410270044,6.555104711882015,0.0002336041765029277,6.555104711882015,False,3.9906736843109356,0.00018668056176086547,4.530191165473266,False,6.61212819858678,4.582643952271886,132
combined_wtmad2,deep_rung35_3x16,12,128,183,5.604265652527746,0.0002196900016814965,28060.734230065707,6.164662750187162,5.871122081483879,6.555104711882015,0.0002336041765029277,6.555104711882015,True,3.9906736843109356,0.00018668056176086547,4.530191165473266,False,6.684566068943245,4.653134538084395,128
combined_wtmad2,deep_rung35_3x16,15,127,179,5.579737532132884,0.00022002395461285086,28060.734230065707,6.174033714639248,5.861861171015571,6.555104711882015,0.0002336041765029277,6.555104711882015,True,3.9906736843109356,0.00018668056176086547,4.530191165473266,False,6.718942250886342,4.692523376834803,127
combined_wtmad2,deep_rung35_3x16,18,125,179,5.869262397689714,0.0002141064158910415,28060.734230065707,6.007983233270433,5.937812717296449,6.555104711882015,0.0002336041765029277,6.555104711882015,True,3.9906736843109356,0.00018668056176086547,4.530191165473266,False,6.726302689582412,4.7228890228141305,125
combined_wtmad2,deep_rung35_3x16,26,118,170,5.89072419776208,0.00021623143278352912,28060.734230065707,6.067612767524928,5.977860208499551,6.555104711882015,0.0002336041765029277,6.555104711882015,True,3.9906736843109356,0.00018668056176086547,4.530191165473266,False,6.8847285922445165,4.856521165837666,119
combined_wtmad2,deep_rung35_attn_3x16,1,132,196,17.088976205712783,0.0002855045332123591,28060.734230065707,8.011466827950976,10.908792789999444,6.555104711882015,0.0002336041765029277,6.555104711882015,False,3.9906736843109356,0.00018668056176086547,4.530191165473266,False,6.584298136792969,4.548255749750894,132
combined_wtmad2,deep_rung35_attn_3x16,2,133,195,7.448406945215592,0.00026222308212448263,28060.734230065707,7.358172216483801,7.403014625163432,6.555104711882015,0.0002336041765029277,6.555104711882015,False,3.9906736843109356,0.00018668056176086547,4.530191165473266,False,6.5633128459890155,4.541535063598733,133
combined_wtmad2,deep_rung35_attn_3x16,7,125,190,72.15393594318482,0.00030597526917429055,28060.734230065707,8.585890709272583,15.345730451433518,6.555104711882015,0.0002336041765029277,6.555104711882015,False,3.9906736843109356,0.00018668056176086547,4.530191165473266,False,6.612128198589792,4.582643952271886,132
combined_wtmad2,deep_rung35ms_3x16,1,125,196,78.65474253577166,0.0004794471775070869,28060.734230065707,13.453639825381503,22.977117815081296,6.555104711882015,0.0002336041765029277,6.555104711882015,False,3.9906736843109356,0.00018668056176086547,4.530191165473266,False,6.584298136772466,4.548255749750894,132
combined_wtmad2,deep_rung35ms_3x16,2,129,195,23.61222959391763,0.00028067873768136827,28060.734230065707,7.876051462107204,11.81208558739049,6.555104711882015,0.0002336041765029277,6.555104711882015,False,3.9906736843109356,0.00018668056176086547,4.530191165473266,False,6.563312845972573,4.541535063598733,133
combined_wtmad2,deep_rung35ms_3x16,3,130,192,9.155599266502541,0.00023165804080217935,28060.734230065707,6.500494715207672,7.6029084541759655,6.555104711882015,0.0002336041765029277,6.555104711882015,False,3.9906736843109356,0.00018668056176086547,4.530191165473266,False,6.58189559870059,4.557019349728483,133
combined_wtmad2,deep_rung35ms_3x16,4,124,191,10.18970888011072,0.00022663149109373152,28060.734230065707,6.359446039744704,7.8313248135739455,6.555104711882015,0.0002336041765029277,6.555104711882015,False,3.9906736843109356,0.00018668056176086547,4.530191165473266,False,6.612055771055869,4.576831895382754,132
combined_wtmad2,deep_rung35ms_3x16,5,124,192,10.135259746768666,0.00023020495124067398,28060.734230065707,6.4597199552097875,7.890451306744365,6.555104711882015,0.0002336041765029277,6.555104711882015,False,3.9906736843109356,0.00018668056176086547,4.530191165473266,False,6.581895598698131,4.557019349728483,133
combined_wtmad2,deep_rung35ms_3x16,6,130,191,83.17504467733463,0.0005517095278608631,28060.734230065707,15.481374433498713,26.10400867532409,6.555104711882015,0.0002336041765029277,6.555104711882015,False,3.9906736843109356,0.00018668056176086547,4.530191165473266,False,6.610233764492846,4.576678022820511,132
combined_wtmad2,deep_rung35ms_3x16,7,123,190,128.46690980674282,0.0006619146140319211,28060.734230065707,18.57381006734626,32.45522716064743,6.555104711882015,0.0002336041765029277,6.555104711882015,False,3.9906736843109356,0.00018668056176086547,4.530191165473266,False,6.6121281985836795,4.582643952271886,132
combined_wtmad2,deep_mgga_3x16,1,132,196,10.97887321699437,0.00026350858717843584,28060.734230065707,7.3942444321541885,8.836875015585544,6.555104711882015,0.0002336041765029277,6.555104711882015,False,3.9906736843109356,0.00018668056176086547,4.530191165473266,False,6.5842981368153835,4.548255749750894,132
combined_wtmad2,deep_mgga_3x16,2,133,195,4.827842157591341,0.00020601709494155626,28060.734230065707,5.780990948005225,5.261598808017842,6.555104711882015,0.0002336041765029277,6.555104711882015,True,3.9906736843109356,0.00018668056176086547,4.530191165473266,False,6.563312846007183,4.541535063598733,133
combined_wtmad2,deep_mgga_3x16,3,133,192,5.890608219656578,0.00021161517886926381,28060.734230065707,5.938077293298228,5.91424750866014,6.555104711882015,0.0002336041765029277,6.555104711882015,True,3.9906736843109356,0.00018668056176086547,4.530191165473266,False,6.581895598747462,4.557019349728483,133
combined_wtmad2,deep_mgga_3x16,4,132,191,5.150295965550346,0.00020696582867955093,28060.734230065707,5.80761311328219,5.459239745763847,6.555104711882015,0.0002336041765029277,6.555104711882015,True,3.9906736843109356,0.00018668056176086547,4.530191165473266,False,6.61205577107064,4.576831895382754,132
combined_wtmad2,deep_mgga_3x16,5,133,192,4.485289695808791,0.00020741854117680233,28060.734230065707,5.82031655835019,5.066330935160269,6.555104711882015,0.0002336041765029277,6.555104711882015,True,3.9906736843109356,0.00018668056176086547,4.530191165473266,False,6.581895598749078,4.557019349728483,133
combined_wtmad2,deep_mgga_3x16,6,132,191,8.507102225642589,0.0002910777519716507,28060.734230065707,8.167855438361475,8.334027897223079,6.555104711882015,0.0002336041765029277,6.555104711882015,False,3.9906736843109356,0.00018668056176086547,4.530191165473266,False,6.6102337645354465,4.576678022820511,132
combined_wtmad2,deep_mgga_3x16,7,132,190,7.851009481081749,0.00024503714310436525,28060.734230065707,6.875922149146171,7.331184979948348,6.555104711882015,0.0002336041765029277,6.555104711882015,False,3.9906736843109356,0.00018668056176086547,4.530191165473266,False,6.6121281986295095,4.582643952271886,132
