run,channel,idx,arch,subset_size,n_slice_rows,bh76_mae_nn,bh76_mae_pbe,bh76_n,w411_mae_nn,w411_mae_pbe,w411_n,combined_mae_nn,combined_mae_pbe,combined_n
run_20260810T202813Z,eval_holdout_val_best,0,deep_3x16,1,120,5.4868734236781656,6.628451441309582,38,7.526593069078967,13.826366600160554,81,6.875254022648459,11.527872683888816,119
run_20260810T202813Z,eval_holdout_val_best,1,deep_3x16,2,120,3.98401412512562,6.628451441312398,38,11.806322134364835,13.826366600155268,81,9.30844226586828,11.527872683886118,119
run_20260810T202813Z,eval_holdout_val_best,2,deep_3x16,3,120,4.421469978899407,6.628451441313337,38,11.845401419971202,13.82636660014294,81,9.47473423710794,11.527872683878025,119
run_20260810T202813Z,eval_holdout_val_best,3,deep_3x16,4,120,5.365137095353735,6.6284514413222535,38,13.177958234323173,13.826366600158792,81,10.683107786585031,11.527872683891662,119
run_20260810T202813Z,eval_holdout_val_best,4,deep_3x16,5,120,4.066766359620021,6.628451441313337,38,11.063772193782938,13.826366600165837,81,8.82943419631915,11.527872683893612,119
run_20260810T202813Z,eval_holdout_val_best,5,deep_3x16,6,120,3.5878817370474043,6.628451441317091,38,11.431751808437921,13.826366600146462,81,8.926986575556915,11.527872683881622,119
run_20260810T202813Z,eval_holdout_val_best,6,deep_3x16,7,120,4.184168567288157,6.628451441317091,38,8.545108626374724,13.826366600162316,81,7.152539531876492,11.527872683892411,119
run_20260810T202813Z,eval_holdout_val_best,7,deep_3x16,12,120,4.179061751362049,6.628451441312867,38,10.662056684515653,13.826366600151745,81,8.591856621827947,11.527872683883869,119
run_20260810T202813Z,eval_holdout_val_best,8,deep_3x16,15,120,4.236112717118684,6.62845144131803,38,9.701005172341182,13.826366600135895,81,7.955913463950804,11.527872683874726,119
run_20260810T202813Z,eval_holdout_val_best,9,deep_3x16,18,120,4.379937264942481,6.628451441318499,38,8.806785866811152,13.826366600158792,81,7.393170346886702,11.527872683890463,119
run_20260810T202813Z,eval_holdout_val_best,10,deep_3x16,26,120,4.29662315676494,6.628451441311928,38,11.269191010181226,13.826366600149985,81,9.042656737661739,11.527872683882372,119
run_20260810T202813Z,eval_holdout_val_best,11,deep_attn_3x16,1,120,6.493881780933057,6.628451441313337,38,9.353878892962685,13.826366600169363,81,8.440602504247341,11.52787268389601,119
run_20260810T202813Z,eval_holdout_val_best,12,deep_attn_3x16,2,120,4.554564105753298,6.628451441318499,38,28.686190125698317,13.826366600164077,81,20.980292741178058,11.52787268389406,119
run_20260810T202813Z,eval_holdout_val_best,13,deep_attn_3x16,3,120,4.633162923410671,6.628451441308644,38,12.584141815473643,13.826366600160554,81,10.045173765907315,11.527872683888516,119
run_20260810T202813Z,eval_holdout_val_best,14,deep_attn_3x16,4,120,4.411607209123946,6.628451441314745,38,19.325207613307164,13.826366600149985,81,14.562881433820088,11.527872683883269,119
run_20260810T202813Z,eval_holdout_val_best,15,deep_attn_3x16,5,120,3.968644325212953,6.628451441314276,38,8.470466217993941,13.826366600157032,81,7.032909647189928,11.527872683887916,119
run_20260810T202813Z,eval_holdout_val_best,16,deep_attn_3x16,6,120,4.447035553085194,6.6284514413114595,38,11.4118804755673,13.82636660017993,81,9.187812349060408,11.527872683902604,119
run_20260810T202813Z,eval_holdout_val_best,17,deep_attn_3x16,7,120,4.435237061262336,6.6284514413114595,38,6.771482045199787,13.826366600127086,81,6.025454235202954,11.527872683866635,119
run_20260810T202813Z,eval_holdout_val_best,18,deep_attn_3x16,12,120,5.280534369044009,6.628451441315683,38,5.1705143073230015,13.82636660014294,81,5.20564676400702,11.527872683878773,119
run_20260810T202813Z,eval_holdout_val_best,19,deep_attn_3x16,15,120,5.3156430009513365,6.628451441312867,38,5.440115167067068,13.826366600157032,81,5.4003677526771705,11.527872683887466,119
run_20260810T202813Z,eval_holdout_val_best,20,deep_attn_3x16,18,120,4.4761251184621935,6.62845144131099,38,7.730748403773701,13.826366600148223,81,6.691456934514563,11.52787268388087,119
run_20260810T202813Z,eval_holdout_val_best,21,deep_attn_3x16,26,120,4.858272643971841,6.628451441314745,38,4.846942557755142,13.826366600146462,81,4.850560568479802,11.52787268388087,119
run_20260810T202813Z,eval_holdout_val_best,22,deep_cusp_3x16,1,120,5.65590396225423,6.628451441314745,38,11.905964034845184,13.826366600177728,81,9.910146532673282,11.527872683902155,119
run_20260810T202813Z,eval_holdout_val_best,23,deep_cusp_3x16,2,120,6.169406658710247,6.628451441323662,38,21.443150740313445,13.826366600140735,81,16.565820697448558,11.527872683879822,119
run_20260810T202813Z,eval_holdout_val_best,24,deep_cusp_3x16,3,120,5.936131299471886,6.628451441317091,38,19.020250848926942,13.826366600151305,81,14.842128639857261,11.527872683884919,119
run_20260810T202813Z,eval_holdout_val_best,25,deep_cusp_3x16,4,120,7.18922233762546,6.628451441307705,38,34.40826892191256,13.826366600140735,81,25.716472533652812,11.527872683874726,119
run_20260810T202813Z,eval_holdout_val_best,26,deep_cusp_3x16,5,120,6.0077807278748345,6.628451441314745,38,20.21792887787302,13.826366600151305,81,15.68023451064671,11.52787268388417,119
run_20260810T202813Z,eval_holdout_val_best,27,deep_cusp_3x16,6,120,6.63002728524943,6.628451441315214,38,25.959117876620034,13.826366600151305,81,19.78680323399749,11.527872683884318,119
run_20260810T202813Z,eval_holdout_val_best,28,deep_cusp_3x16,7,120,5.760830163831464,6.628451441316153,38,14.16058721022833,13.826366600153067,81,11.478311850874709,11.527872683885818,119
run_20260810T202813Z,eval_holdout_val_best,29,deep_cusp_3x16,12,120,5.730714185506398,6.628451441319908,38,15.899884800988184,13.826366600149544,81,12.652586621254507,11.527872683884619,119
run_20260810T202813Z,eval_holdout_val_best,30,deep_cusp_3x16,15,120,5.624142118139957,6.628451441317091,38,15.414383626463007,13.826366600172445,81,12.28808801876321,11.527872683899306,119
run_20260810T202813Z,eval_holdout_val_best,31,deep_cusp_3x16,18,120,5.694748480559739,6.628451441318499,38,14.237351770028967,13.826366600153067,81,11.509461643979972,11.527872683886567,119
run_20260810T202813Z,eval_holdout_val_best,32,deep_cusp_3x16,26,120,6.263839686615164,6.628451441310521,38,12.249149735193898,13.826366600151305,81,10.337874257496486,11.52787268388282,119
run_20260810T202813Z,eval_holdout_val_best,33,deep_rung35_3x16,1,120,8.165714662812059,6.6284514413067654,38,23.017061107151523,13.826366600164958,81,18.27461434341287,11.527872683890914,119
run_20260810T202813Z,eval_holdout_val_best,34,deep_rung35_3x16,2,120,6.036166018660369,6.628451441324131,38,19.76387819940049,13.826366600164958,81,15.38023901563474,11.527872683896458,119
run_20260810T202813Z,eval_holdout_val_best,35,deep_rung35_3x16,3,120,5.514312097405532,6.628451441307705,38,15.51433949511843,13.826366600164958,81,12.321053435344563,11.527872683891214,119
run_20260810T202813Z,eval_holdout_val_best,36,deep_rung35_3x16,4,120,4.685532329662865,6.628451441320846,38,28.114886992803175,13.826366600165837,81,20.63324432726257,11.52787268389601,119
run_20260810T202813Z,eval_holdout_val_best,37,deep_rung35_3x16,5,120,5.312811437846836,6.628451441310051,38,20.204245281534515,13.826366600165397,81,15.4489974995166,11.527872683892262,119
run_20260810T202813Z,eval_holdout_val_best,38,deep_rung35_3x16,6,120,7.912771431095273,6.628451441307705,38,31.737941116249583,13.826366600164958,81,24.12990373779695,11.527872683891214,119
run_20260810T202813Z,eval_holdout_val_best,39,deep_rung35_3x16,7,120,5.493266403629791,6.628451441319438,38,17.808915557763836,13.826366600165397,81,13.876187256443721,11.527872683895259,119
run_20260810T202813Z,eval_holdout_val_best,40,deep_rung35_3x16,12,120,5.35933947371854,6.628451441307705,38,18.380290757820024,13.826366600164958,81,14.222339927602743,11.527872683891214,119
run_20260810T202813Z,eval_holdout_val_best,41,deep_rung35_3x16,15,120,5.35113253025578,6.628451441313337,38,16.998995926292956,13.826366600165837,81,13.279510135961756,11.527872683893612,119
run_20260810T202813Z,eval_holdout_val_best,42,deep_rung35_3x16,18,120,5.92036084085894,6.628451441314276,38,17.452612801651057,13.826366600164958,81,13.770044948625005,11.527872683893312,119
run_20260810T202813Z,eval_holdout_val_best,43,deep_rung35_3x16,26,120,5.423348743330593,6.628451441309582,38,12.390697598355452,13.826366600164958,81,10.165829896750875,11.527872683891811,119
run_20260810T202813Z,eval_holdout_val_best,44,deep_rung35_attn_3x16,1,120,16.815046920663924,6.628451441323193,38,39.41223268984158,13.826366600175469,81,32.19632462909578,11.527872683903315,119
run_20260810T202813Z,eval_holdout_val_best,45,deep_rung35_attn_3x16,2,120,6.9266672516602386,6.628451441296198,38,25.826247569096857,13.82636660016754,81,19.791087467730545,11.527872683889298,119
run_20260810T202813Z,eval_holdout_val_best,50,deep_rung35_attn_3x16,7,120,6.383514965754475,6.628451441312277,34,15.049876061646813,13.826366600151388,72,12.270099861077574,11.527872683883437,106
run_20260810T202813Z,eval_holdout_val_best,55,deep_rung35ms_3x16,1,120,31.302416444971136,6.628451441311107,37,183.72495991196402,13.826366600186812,80,135.52295898650473,11.527872683907177,117
run_20260810T202813Z,eval_holdout_val_best,56,deep_rung35ms_3x16,2,120,18.396947077601187,6.628451441340866,33,98.58659437166317,13.826366600172392,77,74.52970018344459,11.527872683906862,110
run_20260810T202813Z,eval_holdout_val_best,57,deep_rung35ms_3x16,3,120,12.164677452614173,6.6284514413560975,38,30.189554696220377,13.826366600214113,75,24.128091552352807,11.527872683940126,113
run_20260810T202813Z,eval_holdout_val_best,58,deep_rung35ms_3x16,4,120,10.796472773512454,6.6284514413325795,38,27.075154206010783,13.82636660018147,81,21.876919798994507,11.527872683910395,119
run_20260810T202813Z,eval_holdout_val_best,59,deep_rung35ms_3x16,5,120,9.110038480579314,6.628451441325091,36,37.72481587450592,13.826366600166388,78,28.688570381686993,11.527872683897739,114
run_20260810T202813Z,eval_holdout_val_best,60,deep_rung35ms_3x16,6,120,59.248510169449844,6.628451441339876,35,374.9141461889788,13.826366600166937,78,277.1416040590362,11.527872683902835,113
run_20260810T202813Z,eval_holdout_val_best,61,deep_rung35ms_3x16,7,120,192.2355459526183,6.628451441318254,38,181.48139355776345,13.826366600183643,78,185.00430554918142,11.5278726839073,116
run_20260827T163330Z,eval_holdout_val_best,0,medium,1,120,6.35206062005723,6.628451441344327,38,6.991743939437941,13.826366600151577,81,6.78747531644242,11.527872683893799,119
run_20260827T163330Z,eval_holdout_val_best,1,medium,2,120,5.914074290239319,6.628451441344327,38,12.62131526462312,13.826366600151577,81,10.479507222382916,11.527872683893799,119
run_20260827T163330Z,eval_holdout_val_best,2,medium,3,120,6.209537409324654,6.628451441344327,38,11.775037433719165,13.826366600151577,81,9.997818938534364,11.527872683893799,119
run_20260827T163330Z,eval_holdout_val_best,3,medium,4,120,6.079302601985024,6.628451441344327,38,12.426692863852296,13.826366600151577,81,10.39979513317199,11.527872683893799,119
run_20260827T163330Z,eval_holdout_val_best,4,medium,5,120,5.256394902950945,6.628451441344327,38,10.070290923056962,13.826366600151577,81,8.533080429241595,11.527872683893799,119
run_20260827T163330Z,eval_holdout_val_best,5,medium,6,120,5.772267222655215,6.628451441344327,38,11.352630024802822,13.826366600151577,81,9.570665432520395,11.527872683893799,119
run_20260827T163330Z,eval_holdout_val_best,6,medium,7,120,4.357687147709061,6.628451441344327,38,9.379426787605448,13.826366600151577,81,7.775846062260383,11.527872683893799,119
run_20260827T163330Z,eval_holdout_val_best,7,medium,12,120,5.9741294158472416,6.628451441344327,38,13.322902112936955,13.826366600151577,81,10.976235201261247,11.527872683893799,119
run_20260827T163330Z,eval_holdout_val_best,8,medium,15,120,4.283522116895295,6.628451441344327,38,10.388723449272444,13.826366600151577,81,8.439163359941926,11.527872683893799,119
run_20260827T163330Z,eval_holdout_val_best,9,medium,18,120,4.825146666566751,6.628451441344327,38,8.48065243118173,13.826366600151577,81,7.313348069371904,11.527872683893799,119
run_20260827T163330Z,eval_holdout_val_best,11,medium_attn,1,120,6.388767007971554,6.628451441344327,38,6.352241292149377,13.826366600151577,81,6.3639049661094,11.527872683893799,119
run_20260827T163330Z,eval_holdout_val_best,12,medium_attn,2,120,6.136632938627019,6.628451441344327,38,11.251316979748433,13.826366600151577,81,9.618056529642436,11.527872683893799,119
run_20260827T163330Z,eval_holdout_val_best,13,medium_attn,3,120,4.319509934527181,6.628451441344327,38,9.951871001421456,13.826366600151577,81,8.15330192123673,11.527872683893799,119
run_20260827T163330Z,eval_holdout_val_best,14,medium_attn,4,120,6.585629642309195,6.628451441344327,38,12.235436864296918,13.826366600151577,81,10.431296742989915,11.527872683893799,119
run_20260827T163330Z,eval_holdout_val_best,15,medium_attn,5,120,4.0574958957580485,6.628451441344327,38,10.36733106531429,13.826366600151577,81,8.352425717052633,11.527872683893799,119
run_20260827T163330Z,eval_holdout_val_best,16,medium_attn,6,120,4.016810188507025,6.628451441344327,38,10.347082355058586,13.826366600151577,81,8.32565090691607,11.527872683893799,119
run_20260827T163330Z,eval_holdout_val_best,17,medium_attn,7,120,5.071794282142104,6.628451441344327,38,7.836553748768501,13.826366600151577,81,6.953689381274357,11.527872683893799,119
run_20260827T163330Z,eval_holdout_val_best,18,medium_attn,12,120,5.150005816857157,6.628451441344327,38,10.332976415769778,13.826366600151577,81,8.677910174100202,11.527872683893799,119
run_20260827T163330Z,eval_holdout_val_best,19,medium_attn,15,120,5.140056924948297,6.628451441344327,38,8.906590402218697,13.826366600151577,81,7.703831812838232,11.527872683893799,119
run_20260827T163330Z,eval_holdout_val_best,20,medium_attn,18,120,5.309333744199546,6.628451441344327,38,7.430229933860318,13.826366600151577,81,6.752968965733349,11.527872683893799,119
run_20260827T163330Z,eval_holdout_val_best,21,medium_attn,26,120,5.5580938737532595,6.628451441344327,38,7.952883832941213,13.826366600151577,81,7.188160988830774,11.527872683893799,119
run_20260827T163330Z,eval_holdout_val_best,22,shallow,1,120,6.277572899893053,6.628451441344327,38,11.16637753080806,13.826366600151577,81,9.605246640263774,11.527872683893799,119
run_20260827T163330Z,eval_holdout_val_best,23,shallow,2,120,4.104760177189939,6.628451441344327,38,11.145058332277562,13.826366600151577,81,8.896895896199162,11.527872683893799,119
run_20260827T163330Z,eval_holdout_val_best,24,shallow,3,120,4.8528781107997725,6.628451441344327,38,9.242196228758825,13.826366600151577,81,7.840565233108035,11.527872683893799,119
run_20260827T163330Z,eval_holdout_val_best,25,shallow,4,120,5.357368785460731,6.628451441344327,38,9.741984893910663,13.826366600151577,81,8.341855380287996,11.527872683893799,119
run_20260827T163330Z,eval_holdout_val_best,26,shallow,5,120,5.124807616941162,6.628451441344327,38,9.392623386777549,13.826366600151577,81,8.029791460275174,11.527872683893799,119
run_20260827T163330Z,eval_holdout_val_best,27,shallow,6,120,4.802775976713318,6.628451441344327,38,9.555677541717957,13.826366600151577,81,8.037944268859333,11.527872683893799,119
run_20260827T163330Z,eval_holdout_val_best,28,shallow,7,120,4.2316626710326934,6.6284514413681315,38,11.482243756522598,13.8263666001251,81,9.166932149391368,11.52787268388338,119
run_20260827T163330Z,eval_holdout_val_best,29,shallow,12,120,4.592925311939562,6.6284514413681315,38,9.935693082610152,13.8263666001251,81,8.229599172648117,11.52787268388338,119
run_20260827T163330Z,eval_holdout_coldstart,0,medium,1,120,6.506451620597539,6.628451441344327,38,6.680082771066315,13.826366600151577,81,6.624637529740151,11.527872683893799,119
run_20260827T163330Z,eval_holdout_coldstart,1,medium,2,120,4.447503036647661,6.628451441344327,38,22.19303653045719,13.826366600151577,81,16.526395582854146,11.527872683893799,119
run_20260827T163330Z,eval_holdout_coldstart,2,medium,3,120,4.912537348243927,6.628451441344327,38,11.156588228330095,13.826366600151577,81,9.162689627966445,11.527872683893799,119
run_20260827T163330Z,eval_holdout_coldstart,3,medium,4,120,4.63731936028444,6.628451441344327,38,10.796466515078885,13.826366600151577,81,8.829680028673936,11.527872683893799,119
run_20260827T163330Z,eval_holdout_coldstart,4,medium,5,120,4.517292219041093,6.628451441344327,38,9.259927575210497,13.826366600151577,81,7.745472587526149,11.527872683893799,119
run_20260827T163330Z,eval_holdout_coldstart,5,medium,6,120,4.4453270582223805,6.628451441344327,38,10.396257643154135,13.826366600151577,81,8.495960481579289,11.527872683893799,119
run_20260827T163330Z,eval_holdout_coldstart,6,medium,7,120,4.65464189814725,6.628451441344327,38,8.168301953100311,13.826366600151577,81,7.046292859922023,11.527872683893799,119
run_20260827T163330Z,eval_holdout_coldstart,7,medium,12,120,4.748850059167995,6.628451441344327,38,8.682248828406074,13.826366600151577,81,7.426205523943494,11.527872683893799,119
run_20260827T163330Z,eval_holdout_coldstart,8,medium,15,120,4.8795771639302945,6.628451441344327,38,8.477748575013358,13.826366600151577,81,7.328752662230531,11.527872683893799,119
run_20260827T163330Z,eval_holdout_coldstart,9,medium,18,120,4.947640858761727,6.628451441344327,38,8.419194875289426,13.826366600151577,81,7.310631407826801,11.527872683893799,119
run_20260827T163330Z,eval_holdout_coldstart,11,medium_attn,1,120,8.251785869136024,6.628451441344327,38,7.570849452021085,13.826366600151577,81,7.788291333116612,11.527872683893799,119
run_20260827T163330Z,eval_holdout_coldstart,12,medium_attn,2,120,4.97694613433114,6.628451441344327,38,22.851017736010874,13.826366600151577,81,17.143331006062724,11.527872683893799,119
run_20260827T163330Z,eval_holdout_coldstart,13,medium_attn,3,120,5.9900521045956,6.628451441344327,38,9.845011497471111,13.826366600151577,81,8.614016061090696,11.527872683893799,119
run_20260827T163330Z,eval_holdout_coldstart,14,medium_attn,4,120,4.905000104649748,6.628451441344327,38,12.432887529921985,13.826366600151577,81,10.029024318490514,11.527872683893799,119
run_20260827T163330Z,eval_holdout_coldstart,15,medium_attn,5,120,5.406866747307678,6.628451441344327,38,7.334546687114138,13.826366600151577,81,6.718985025663335,11.527872683893799,119
run_20260827T163330Z,eval_holdout_coldstart,16,medium_attn,6,120,5.514873759812282,6.628451441344327,38,7.4003131428659605,13.826366600151577,81,6.798240062563106,11.527872683893799,119
run_20260827T163330Z,eval_holdout_coldstart,17,medium_attn,7,120,5.763045429636431,6.628451441344327,38,6.24896891178079,13.826366600151577,81,6.0938000687430955,11.527872683893799,119
run_20260827T163330Z,eval_holdout_coldstart,18,medium_attn,12,120,5.337367388051259,6.628451441344327,38,8.136570779532951,13.826366600151577,81,7.2427075116648485,11.527872683893799,119
run_20260827T163330Z,eval_holdout_coldstart,19,medium_attn,15,120,5.535109448521385,6.628451441344327,38,7.414254739578285,13.826366600151577,81,6.814191537392048,11.527872683893799,119
run_20260827T163330Z,eval_holdout_coldstart,20,medium_attn,18,120,5.582900160180875,6.628451441344327,38,7.470402000392036,13.826366600151577,81,6.867670320324606,11.527872683893799,119
run_20260827T163330Z,eval_holdout_coldstart,21,medium_attn,26,120,6.209698876548579,6.628451441344327,38,7.510586324613871,13.826366600151577,81,7.095176887416551,11.527872683893799,119
run_20260827T163330Z,eval_holdout_coldstart,22,shallow,1,120,6.460481250798231,6.628451441344327,38,10.184329601197462,13.826366600151577,81,8.995201556532162,11.527872683893799,119
run_20260827T163330Z,eval_holdout_coldstart,23,shallow,2,120,4.654543507424366,6.628451441344327,38,10.299901272800986,13.826366600151577,81,8.4971819863782,11.527872683893799,119
run_20260827T163330Z,eval_holdout_coldstart,24,shallow,3,120,4.827944470773187,6.628451441344327,38,9.834656176400529,13.826366600151577,81,8.235874287208604,11.527872683893799,119
run_20260827T163330Z,eval_holdout_coldstart,25,shallow,4,120,4.703011886597038,6.628451441344327,38,9.744183125325975,13.826366600151577,81,8.134397351614215,11.527872683893799,119
run_20260827T163330Z,eval_holdout_coldstart,26,shallow,5,120,4.639715582258056,6.628451441344327,38,9.219081344584774,13.826366600151577,81,7.756762865858595,11.527872683893799,119
run_20260827T163330Z,eval_holdout_coldstart,27,shallow,6,120,4.665848461791013,6.628451441344327,38,9.118425017503803,13.826366600151577,81,7.69659384845266,11.527872683893799,119
run_20260827T163330Z,eval_holdout_coldstart,28,shallow,7,120,4.699321294032522,6.6284514413681315,38,9.361811060791167,13.8263666001251,81,7.8729487823304245,11.52787268388338,119
run_20260827T163330Z,eval_holdout_coldstart,29,shallow,12,120,4.3242665504024105,6.6284514413681315,38,11.233471218060645,13.8263666001251,81,9.027170567884065,11.52787268388338,119
